#0		0	0	0
1	string	12	5	23
2	file	44	30	35
3	finalize	26	3	6
4	encoding	2		16
5	stream	4	1	9
6	read	102	90	85
7	e	4		25
8	unread	6		
9	open	30	26	29
10	start	36	33	110
11	line	30	1	5
12	system	10		3
13	public	4		7
14	bounds	68		
15	preferred	24		
16	pert	10		
17	parameter	16	3	17
18	version	16	11	11
19	init	98	40	114
20	construct	42	2	1
21	finished	42	9	1
22	drawing	66		
23	applet	10		
24	run	40	25	65
25	abstract	40	6	14
26	application	16		20
27	component	30		
28	create	172	51	114
29	save	20		13
30	has	26	10	53
31	dispose	34	5	
32	action	156		13
33	put	14	10	18
34	execute	4	3	37
35	multiple	8	3	
36	showing	4		
37	mark	4	12	9
38	actions	8		
39	configure	14	1	12
40	property	92	1	30
41	unconfigure	2		
42	restore	52		4
43	presentation	54		
44	add	150	48	211
45	replace	16	3	7
46	redo	66		
47	undo	66		
48	options	2		6
49	fractional	2		
50	text	30	1	7
51	s	42	6	41
52	view	56		2
53	editor	52		
54	draw	152		
55	layer	8		
56	visible	10		
57	transform	72	1	
58	attribute	90	5	54
59	attributes	22	3	18
61	contains	62	4	16
62	cursor	30		
63	tool	66	1	1
64	can	66	1	2
65	find	76	6	75
66	connectors	4		
67	includes	4	1	
68	decomposition	6		
69	clone	102	5	21
70	remap	12		
71	remove	88	20	150
72	will	6		1
73	changed	16	2	
74	invalidate	36		7
75	request	12	2	69
76	handle	24	7	27
77	bezier	32		
78	location	20	3	11
79	basic	54		2
80	track	52		1
81	fire	38		16
82	combinable	14		
83	figure	38		
84	tab	10	1	1
85	font	22		
86	fill	20	2	11
87	editable	12		
88	label	12		
89	write	84	89	66
90	o	44	2	1
91	window	12	2	
92	palette	2		
93	toggle	22		
94	update	88	21	18
95	current	6	13	11
96	append	2	19	15
97	empty	28	2	8
98	delete	6	19	13
99	javax	4		
100	builder	6		
101	tag	6	9	31
102	element	20	1	4
103	close	26	53	80
104	validate	18	2	21
105	select	16	3	3
106	print	10	13	18
107	clear	28	15	47
108	encode	2	3	14
109	decode	2	5	9
110	flush	2	22	35
111	suspend	2		
112	resume	2		4
113	interpolate	2		
114	convert	2	2	20
115	index	20	3	12
116	anti	4		3
117	raster	2		
118	color	8		
119	shapes	2		
120	outline	4		
121	arrange	4		
122	owner	26	6	2
123	to	46	77	177
124	class	8	7	42
125	stroke	12		
126	apply	20	5	4
127	image	20	1	7
128	output	16	8	29
130	decorator	12		
131	load	12	6	39
132	grid	10		
133	scale	16		
134	nano	4		
135	prototype	10		1
136	doctype	6		1
137	new	10	21	37
138	default	54	17	28
139	focus	12		
140	area	28		
141	active	26	1	9
142	enabled	22		7
143	quad	8		
144	reorganize	2		
145	leaf	6	2	
146	split	10	3	1
147	join	6	3	2
148	child	20		6
149	layouter	6		
150	layout	14		
151	delegation	2	2	
152	mouse	26		
153	show	18		
154	creation	10		9
155	activate	20		1
156	deactivate	24		
157	created	6		
158	added	4		
159	paste	2		
160	item	10		4
161	column	2		2
162	popup	4		
163	perform	2	3	1
164	finish	2	14	10
165	entity	4		2
166	external	4		3
167	shared	10		1
168	ellipse	4		
169	old	4		
170	connection	12	3	8
171	connect	8	4	12
172	disconnect	6	1	8
173	target	14		2
174	launch	10		
175	hide	12		
176	sharing	10		
177	end	28	24	41
178	result	4	1	
179	install	12		5
180	uninstall	8		1
181	event	30	2	27
182	selection	32		
183	bdescriptor	26		
184	pdescriptor	26		
185	edescriptor	26		
186	mdescriptor	26		
187	bean	26		8
188	method	26	2	35
189	input	26	17	28
190	transfer	10	1	3
191	flavor	22		
192	cut	2		
193	width	14		1
194	height	14		1
195	generic	2	3	2
196	invoke	4	7	50
197	proxy	2	3	7
198	null	6	6	8
199	listener	2	1	5
200	raise	2		2
201	change	6	2	8
202	exit	2	1	
203	option	18		5
204	review	2		
205	do	8	16	114
206	validator	4		2
207	resolver	4		
208	reader	6	4	8
209	parse	14	15	51
210	scan	4		8
211	process	6	9	52
212	graphics	2		
213	destination			3
214	make	14	14	13
215	wrap	6	2	6
216	copy	4	16	44
217	coerce	2		9
218	multiply	2		1
219	divide	2		1
220	i	2	4	9
221	b	4	4	6
222	mult	2		
223	diamond	2		
224	insets	4		
225	top	2	1	1
226	left	4		2
227	bottom	2		
228	right	2		
229	subtract	2		1
230	equals	16	40	57
231	hash	12	45	55
232	float	2	3	
233	double	18	2	2
234	grow	4	1	
235	insert	12	1	1
236	smart	2		
237	path	12	13	26
238	flatten	10		
239	closed	4	1	5
240	capped	2		
241	node	10	4	10
242	point	8		
243	real	4	1	19
244	name	22	29	120
245	enum	4		1
246	teddy	4		
247	scrollable	4		
248	caret	2		
249	status	2	1	15
250	accessory	2		
251	document	6		3
252	numbered	6		
253	move	14	6	1
254	south	18		
255	north	18		
256	east	18		
257	west	18		
258	full	6		2
259	namespace	6		7
260	type	2	23	39
261	preferences	2		
262	resource	2	2	26
263	rubberband	2		
264	begin	4	2	20
265	delegate	2		4
266	p	6		1
267	missing	2		
268	unexpected	2		
269	invalid	2	2	4
270	validation	4		2
271	bring	10		
272	send	12	3	58
273	ensure	6	3	3
274	canvas	8		
275	undoable	10		
276	linear	6		
277	buffered	6		2
278	project			2
279	geom	2		
280	direction	4		
281	outcode	2		
282	center	8		
283	range	2	1	
284	length	4	20	8
285	angle	4		
286	polar	2		
287	oval	2		
288	intersect	2		
289	distance	2	1	
290	minimize	2		
291	frame	8		
292	ancestor	2	1	1
293	selected	4		
294	compatible	4	1	1
295	constrainer	8		
296	geometry	2		
297	excluded	4	1	1
298	radial	6		
299	radius	2		
300	border	4		
301	sheet	4		
302	animated	2		
303	style	6		
304	native	2	9	
305	matcher	2		1
306	match	2		10
307	reset	8	39	50
308	word	4		
309	copyright	8		
310	sticky	2		
311	parameters	2	1	11
312	about	2		
313	paint	26		
314	relative	16		4
315	my			1
316	mnemonic	2		
317	title	8		
318	root	2		11
319	gradient	4		
320	stops	4		
321	c	6	7	4
322	f	2	10	2
323	r	2	3	
324	stop	12	15	86
325	net	10	1	
326	invalidated	4		3
327	x	16	2	12
328	y	12		
329	arc	10		
330	hit	6		1
331	transformed	12		
332	defaults	4		1
333	perpendicular	6		
334	handlesize	4		
335	initialize		21	10
336	startup		1	2
337	shutdown		5	6
338	destroy		7	57
340	number	2	3	3
341	page	2		19
342	printable	2		
343	rendering	4		
344	locator	8		
345	skip	2	17	15
346	check	4	25	58
347	error	2	3	42
348	field	2	5	7
350	model	6		
351	l	4		
352	maximize	2		
353	bundle	2		
354	integer	6	1	2
355	mnem	2		
356	tip	2		
357	key	14	14	13
358	acc	2		
359	formatted	2	1	
360	base	2		16
361	duplicate	6		2
362	fetch	2	1	
363	character	2		16
364	dependency	2		
365	chop	12		
366	connector	4		8
367	bidirectional	2		
368	views	4		
369	task	2	1	7
370	duration	2		1
371	dependencies	2		
372	successors	2		
373	predecessors	2		
374	dependent	2		
375	floating	4		2
376	storable	2		
377	lineout	10		
378	triangle	4		
379	arrangeable	2		
380	arrangement	4		
381	methods	2		1
382	build	2	4	4
383	exception	2	2	15
384	d	2	4	4
385	cycle	2		
386	colors	4		
387	fractions	2		
388	transparency	2		
389	edit	8		
390	reversed	2		
391	size	6	16	23
392	constrain	6		
393	parent	4	5	28
394	iterate	4		
395	children	6	3	2
396	first	4	3	4
397	content	4	2	40
398	sort	6	5	1
399	zoom	4		
400	tracker	2		1
401	round	4		
402	locate	10		1
403	multi	2		
404	labels	2		
405	locale	4		20
406	discard	2		2
407	selector	2	1	5
408	matches	2	2	2
409	composite	10	1	2
410	verbose	2		1
411	significant	2		
412	rotate	6		1
413	group	6	7	8
414	liner	4		
415	reverse	2	1	2
416	coordinates	2		
417	rotates	2		
418	m	2	8	25
419	tile	2		
420	all	2	5	8
421	normal	2		
422	scroll	2		
423	resize	4		4
424	initial	4	8	10
425	worker	2		4
426	pane	2		
427	compare	4	32	14
428	connecting	2		
429	icon	6		
430	export	10		
431	figures	2		
432	lock	6	1	10
433	ungroup	6		
434	modified			4
435	factory	2	3	15
436	button	2		
437	rectangle	2		
438	properties	4		5
439	trace	2		2
440	compute	4	2	
441	repaint	8		
442	description	4	5	19
443	decoration	6		
444	general	2		
445	fixed	2		1
446	calculate	4	3	1
447	cyclic	2		
448	minimum	8	1	1
449	maximum	6	1	
450	labeled	2		
451	graphical	2		
452	super	2		1
453	styled	2		
454	rebuild	2		
455	lost	4		
456	palettes	2		
457	focused	4		
458	maybe	2		2
459	non	2		5
460	pick	2		
461	assignable	2		2
462	mode	2	1	
463	ignore	2		6
464	previous	2	3	4
465	next	8	12	45
466	winding	6		
467	done	2	7	1
468	pretty	2		1
469	id	2	4	18
470	viewport	2		
471	identify	2		
472	drag	4		
473	straight	2		
474	progress	2	3	3
475	source	4	1	13
476	potential	2		
477	align	2		
478	vertical	6		
479	horizontal	4		
481	fit	2		
482	reparameterize	2		
483	newton	2		
484	chord	2		
485	v	2	4	1
486	combine	4	1	
487	placard	2		
488	mask	2		1
489	control	2		2
490	intersects	4		
491	curve	4		
493	extensions	2		1
494	accept	2	8	24
495	changing	2		
496	state	6		11
499	filled	2		
500	stroked	2		
501	solid	2		
502	rows	2		
503	columns	2		
504	hgap	2		
505	vgap	2		
506	shadow	2		
507	whitespace	2		
508	ordinary	2		
509	comment	2		7
510	quote	2	1	4
511	eol	2		
512	slash	2		1
513	lower	2	1	2
514	push	2	6	14
515	lineno	2		
516	consume	2	3	
517	selectable	4		
518	removable	4		
519	major	2	1	6
520	dialog	2		
521	len	2	1	1
522	segment	2	1	
523	clockwise	2		
524	quadrant	2		
526	import	2		2
528	h		1	2
529	context		12	56
530	a		2	7
534	invisible	4		
535	single		1	6
536	session		1	63
543	table			1
546	await			6
547	platform		1	
548	wait		9	5
549	ready			9
552	dispatch			6
553	instance		6	20
554	no		2	9
555	local		7	38
556	abort		1	2
559	directory		6	5
560	instantiate		1	
562	supports			1
563	register		12	23
564	for	4	1	2
565	boolean		3	4
566	byte		6	11
567	long		3	10
568	short		3	1
569	message		2	55
570	u		5	21
571	resources			9
573	lookup			10
574	object		1	42
575	evaluate			8
576	inject		1	
579	failed			2
580	cancelled			3
582	adapter			4
585	auto			5
587	user		16	30
589	started			3
590	scope			6
591	block		13	1
593	forward			8
594	background	2		18
595	theta	2		
596	format	2	3	11
597	internal	2	3	14
598	transformable	4		
599	pict	2		
600	images	2		
601	visual	2		
602	admin		2	
603	compressed		5	
604	algorithm		2	2
605	bytes		17	28
606	virtual		4	4
607	physical		4	
608	available		17	24
609	num		7	1
610	cpu		2	
611	cumulative		3	
612	proc		2	2
613	ganglia		7	
614	emit		11	
615	checksum		5	
616	pos		18	
617	java		14	12
618	deserialize		7	3
619	serialize		6	3
620	deserializer		5	
621	serializer		3	
622	fs		6	
623	trash		2	
624	src		3	
625	cat		1	
626	replication		10	5
627	ls		1	
628	du		1	
629	dus		1	
630	mkdir		3	
631	touchz		1	
632	test		1	2
633	stat		3	1
634	rename		13	8
635	expunge		2	
636	tail		1	
637	cmd		2	
638	ok		1	1
639	shell		4	
640	limit		3	7
641	doall		1	
642	delayed		1	
643	glob		6	
644	procfs		1	
645	alive		2	1
646	any		1	1
647	valid		3	15
648	pid		1	
649	pgrp		1	
650	ppid		1	
651	vmem		1	
652	utime		1	
653	stime		1	
654	dtime		1	
655	rssmem		1	
656	age		1	
657	writable		7	2
658	jni		1	
659	groups		11	7
660	cache		11	15
661	slope		3	
662	gauge		3	
663	counter		3	2
664	memory		4	12
665	metrics		40	
666	comparator		12	2
667	from		7	5
668	high		1	1
669	low		1	1
670	utf		3	2
671	store		6	10
672	inode		2	
673	retrieve		7	
674	list		17	22
675	purge		5	
676	dump		7	18
677	built		3	
678	needs		10	
679	decompress		8	1
680	remaining		6	6
681	dictionary		9	
682	conf		19	
683	bad		2	
684	host		5	16
685	servlet		2	66
686	html		2	
687	percentage		1	
688	records		2	
689	record		14	
690	metric		22	
691	snappy		3	
692	sequence		2	
693	compression		9	2
694	uncompressed		1	
695	metadata		1	1
696	own		1	
697	sync		5	3
698	seek		19	1
699	position		4	1
700	sorter		1	
701	factor		1	
702	progressable		2	
703	merge		2	6
704	seq		1	1
705	less		2	1
706	adjust		3	4
707	pass		1	
708	preserve		1	
709	should		5	
710	cleanup		5	3
711	linked		1	
712	k		3	1
713	counting		1	
714	buckets		1	
715	and		6	4
716	membership		4	8
717	approximate		1	
718	not		5	2
719	or		5	2
720	xor		4	
721	gen		18	4
722	murmur		1	
723	codec		3	
724	declared		1	1
725	weight		2	
726	increment		4	5
727	cpp		14	
728	signature		12	6
729	pseudo		4	
730	authenticate		6	22
731	binary		4	2
732	incr		17	
733	xml		2	13
734	characters		1	3
735	char		2	8
736	capacity		5	1
737	loaded		1	2
738	two		1	1
739	t		3	2
740	chunk		4	
741	supported		2	2
742	writer		3	12
743	prepare		2	8
744	inc		7	4
745	sorted		1	
746	entry		3	9
747	last		8	28
748	meta		4	1
749	scanner		1	
750	rewind		1	1
751	upper		1	1
752	advance		2	1
753	park		1	
754	buffer		10	39
755	offset		6	3
756	entries		1	
757	count		3	8
758	command		5	4
759	hb		2	
760	choose		2	3
761	bs		2	
762	simple		3	3
763	vswap		1	
764	med		1	
765	q		1	2
766	randomise		1	
767	generate		4	18
768	unregister		5	9
769	int		4	16
770	raw		10	
771	checkpoint		1	
772	emptier		1	
773	ceiling		1	
774	floor		1	
775	iterator		4	1
776	visit		7	15
777	publish		4	5
778	snapshot		9	
779	sink		2	
780	waitable		1	
781	notify		1	7
782	compressor		4	
783	compress		7	2
784	protocol		2	25
785	ugi		2	
786	debug		1	4
787	jj		2	2
788	re		3	4
789	switch		1	1
790	timestamp		4	11
791	tags		5	1
792	try		3	2
793	hosts		3	
794	refresh		11	2
795	excludes		1	
796	authentication		7	2
797	expires		1	1
798	expired		2	5
799	reload		1	7
800	substitute		1	1
801	props		1	
802	unset		1	2
803	overlay		1	
804	hex		2	5
805	included		1	4
806	strings		2	
807	as		1	2
808	quiet		1	1
809	val		1	
810	indexed		2	
811	compile		4	4
812	decompressor		4	
813	authorization		1	
814	stack		2	5
815	return		2	7
816	monitoring		3	
817	other		1	
818	immutable		1	
819	network		4	
820	normalize		3	9
821	level		4	
822	define		3	
823	need		1	1
824	verify		7	3
825	utils		3	
826	jenkins		1	
827	rot		1	
828	comp		1	
829	interval		3	2
830	obtain		1	
831	exists		6	2
832	allocator		1	
833	stringify		1	6
834	human		1	
835	array		3	4
836	uri		10	2
837	escape		1	10
838	un		3	2
839	hostname		2	3
840	capitalize		1	1
841	camelize		1	
842	retry		5	
843	har		1	
844	archive		1	
845	working		10	1
846	canonical		4	4
847	fix		4	2
848	dir		4	4
849	part		1	6
850	modification		4	3
851	home		5	6
852	mkdirs		13	
853	complete		8	7
854	permission		8	2
855	master		2	
856	lexical		1	1
857	kerberos		4	
858	service		5	23
859	realm		1	10
860	rule		1	4
861	configuration		4	
862	rules		1	4
863	sample		1	
864	mean		1	
865	variance		1	
866	stddev		1	
867	min		2	11
868	max		6	49
869	pre		2	7
870	post		2	9
871	program		1	
872	driver		2	4
873	registry		1	9
874	readdir		2	
875	readdirplus		2	
876	rmdir		2	
877	filesize		2	
878	updater		1	
879	pure		1	
880	token		8	9
881	kind		3	
882	socket		4	14
883	canonicalize		1	
884	server		7	33
885	static		2	2
886	compiled		1	
887	vector		4	
888	generics		1	
889	decr		6	
890	exceptions		2	
891	reinit		5	
892	channel		4	13
893	unquote		2	1
894	approx		1	
895	sum		2	
896	report		4	4
897	krb		2	
898	oid		1	
899	running		1	1
900	log		8	50
901	roll		1	
902	renew		3	1
903	cancel		4	2
904	password		3	25
905	expand		2	8
906	backup		1	3
907	suffix		2	3
908	chmod		4	
909	pattern		1	2
910	chown		1	
911	chgrp		1	
912	bloom		2	
913	probably		1	
914	subinterface		1	
915	signer		2	
916	sign		1	
917	secure		1	20
918	insecure		1	
919	already		1	1
920	umask		1	
921	opt		1	1
922	values		2	4
923	users		3	10
924	g		1	
925	ulimit		1	
926	environment		1	2
927	exec		5	
928	timed		2	
929	map		4	11
930	digest		1	3
931	digester		1	10
932	half		1	
933	quarter		1	
934	indent		1	1
935	daemon		1	3
936	runnable		1	1
937	units		2	
938	tmax		2	
939	dmax		2	
940	xdr		2	
941	pad		2	1
942	minor		1	6
943	display		1	20
944	negative		1	
945	attr		2	1
946	syncable		1	
947	swap		3	1
948	client		4	10
949	priority		1	
950	pop		1	12
951	up		1	
952	down		2	
953	terse		1	
954	remote		7	17
955	bind		1	21
956	rpc		3	5
957	call		3	5
958	response		1	24
959	address		2	14
960	responder		1	
961	dec		3	2
962	idle		1	1
963	authorized		1	
964	sasl		5	
965	authorize		3	
966	handler		1	9
967	setup		3	9
968	disable		2	9
969	enable		2	3
970	accepts		2	
971	reserve		1	
972	unreserve		1	
973	files		2	1
974	percent		2	
975	timer		2	
976	wrapped		2	1
977	quota		1	
978	space		1	3
979	header		2	31
980	detailed		1	
981	fstat		1	
982	cached		4	1
983	posix		1	
984	lib		1	
985	app		3	10
986	principal		1	19
987	keytab		1	
988	security		2	16
989	tgt		1	
990	original		1	1
991	components		1	
992	login		3	15
993	use		1	29
994	by		1	
995	standard		2	10
996	inet		1	
997	search		2	7
998	readahead		1	
999	submit		1	
1000	truncate		1	
1001	impl		1	
1002	magnitude		2	
1003	scalar		1	
1004	random		2	6
1005	validity		1	
1006	cookie		1	6
1007	auth		1	24
1008	regex		1	
1009	heap		1	
1010	gzip		1	2
1011	resetable		1	
1012	zlib		3	
1013	n		1	3
1014	jets		2	
1015	names		1	6
1016	topology		1	
1017	subset		1	
1018	keys		1	4
1019	filter		6	23
1020	setsid		1	
1021	sig		1	
1022	kill		1	1
1023	code		2	5
1024	include		2	13
1025	exclude		1	3
1026	disk		1	1
1027	tracking		1	
1028	rcc		3	
1029	language		1	1
1030	failonerror		1	1
1031	destdir		1	
1032	usage		1	3
1033	module		1	
1034	timeout		2	12
1035	provider		1	
1036	release		2	34
1037	trim		1	10
1038	permissions		1	3
1039	access		4	22
1040	secret		2	
1041	managed		2	2
1042	dynamic		1	6
1043	unsigned		1	
1044	date		2	19
1045	url		3	20
1046	revision		2	
1047	jvm		2	6
1048	gc		1	1
1049	thread		1	11
1050	quick		1	
1051	bounded		2	
1052	wildcard		1	
1053	implies		1	
1054	period		2	
1055	authenticated		1	
1056	extract		1	5
1057	queue		1	1
1058	msg		1	4
1059	now		1	1
1060	contracts		1	
1061	positioned		1	
1062	configurable		1	
1063	passwords		1	
1064	customize		1	
1065	versioned		2	
1066	adjusted		1	
1067	identifier		1	2
1068	renewer		2	
1069	trivial		1	
1070	used		3	2
1071	rack		2	
1072	same		2	2
1073	inner		2	3
1074	are		2	
1075	named		1	6
1076	concat		2	
1077	times		1	
1078	equal		3	2
1079	statistics		1	3
1080	large		1	7
1081	scheme		1	9
1082	absolute		3	8
1083	exponential		1	
1084	pair		1	
1085	remain		1	
1086	struct		1	
1087	enqueue		1	
1088	dequeue		1	
1089	front		1	
1090	back		1	
1091	unwrap		1	5
1092	uncached		1	
1093	resolve		3	27
1094	http		1	28
1095	web		1	8
1096	port		1	21
1097	threads		1	1
1098	instrumentation		1	
1099	quoting		1	
1100	infer		1	
1101	partial		1	1
1102	common		2	3
1103	prior		1	
1104	servers		1	
1105	policy		1	
1106	services		1	
1107	mid		1	
1108	final		2	
1109	closest		1	
1110	seekable		1	
1111	configured		1	4
1112	deflate		1	1
1113	hadoop		1	
1114	commit		1	6
1115	logout		1	9
1116	prepend		1	
1117	spawn		1	
1118	relogin		1	
1119	testing		1	
1120	subject		1	1
1121	serialization		1	
1122	util		1	3
1123	expiry		1	
1124	invocation		1	
1125	invoker		1	
1126	interface		3	3
1127	reflection		1	1
1128	job		1	
1129	contention		1	
1130	inflate		1	
1131	migration		1	
1132	migrate		1	
1133	unversioned		1	
1134	filesystem		1	1
1135	mount		1	
1136	package		1	8
1137	csv		2	
1138	throw		2	2
1139	authenticator		1	6
1140	unix		2	
1141	mechanism		1	
1142	wrapper		1	12
1143	blocks		1	
1144	serialized		1	
1145	fatal		1	6
1146	warn		1	2
1147	info		1	97
1148	requires		1	1
1149	leftmost		1	
1150	loc		1	
1151	leaves		1	
1152	netgroups		2	
1153	hard		1	
1154	link		1	5
1155	inside		1	
1156	outside		1	
1157	credentials		1	2
1158	linux		2	
1159	w		1	1
1160	region		1	
1161	magic		1	
1162	depth		1	
1163	decreasing		1	
1164	kosmos		1	
1165	initialise		1	1
1166	global		1	11
1167	fall		1	2
1168	negotiate		1	
1169	phase		1	
1170	fully		1	
1171	cyg		1	
1172	sym		1	
1173	issue		1	
1174	netgroup		1	
1175	errno		1	
1176	selective		1	
1177	ratio		1	
1178	processed		1	
1179	recv		1	1
1180	ping		1	2
1181	zero		1	
1182	touch		1	
1183	receive		1	5
1184	parallel		1	1
1185	ticket		1	
1186	tcp		1	7
1187	nested		1	
1188	support		1	2
1189	datagram		1	
1190	override			6
1191	async			35
1192	extra			2
1193	allocate			8
1194	delta			3
1195	dirty			2
1196	diffable			3
1197	diff			4
1198	unlock			10
1199	primary			4
1200	expire			13
1201	recycle			62
1202	variable			18
1203	var			2
1204	declare			8
1205	roles			19
1206	direct			6
1207	media			2
1208	subtype			1
1209	charset			11
1210	member			21
1211	members			13
1212	payload			5
1213	domain			29
1214	broadcast			3
1215	implementation			3
1216	reference			8
1217	small			7
1218	dispatcher			8
1219	catalina			7
1220	jasper			4
1221	lifecycle			29
1222	container			31
1223	catch			1
1224	transport			4
1225	heartbeat			16
1226	ids			2
1227	interceptors			2
1228	manager			16
1229	distributable			8
1230	rejected			3
1231	unload			9
1232	function			13
1233	injection			3
1234	naming			11
1235	jsp			57
1236	engine			6
1237	specification			3
1238	form			4
1239	constant			22
1240	body			15
1241	manifest			2
1242	required			5
1243	fulfilled			2
1244	ws			5
1245	locales			6
1246	cookies			11
1247	headers			18
1248	query			12
1249	requested			6
1250	parts			5
1251	nio			8
1252	attachment			1
1253	buf			2
1254	poller			6
1255	closing			2
1256	handshake			7
1257	outbound			3
1258	executor			13
1259	pluggability			1
1260	unavailable			4
1261	deallocate			2
1262	multipart			10
1263	overridable			4
1264	logger			15
1265	good			1
1266	config			18
1267	concurrent			4
1268	cause			6
1269	deploy			8
1270	undeploy			7
1271	introspection			2
1272	guess			3
1273	cluster			20
1274	rewrite			1
1275	serve			1
1276	render			1
1277	readme			1
1278	safe			2
1279	coyote			4
1280	processing			11
1281	mapping			5
1282	note			8
1283	decoded			3
1284	comet			14
1285	unescape			2
1286	alpha			2
1287	strftime			1
1288	time			4
1289	translate			1
1290	nulls			1
1291	blanks			1
1292	attributebinding			1
1293	jmx			9
1294	interpreter			3
1295	locked			4
1296	dom			1
1297	reply			4
1298	peek			7
1299	delimiter			2
1300	registration			1
1301	stdlib			1
1302	memread			1
1303	memwrite			1
1304	memset			1
1305	malloc			1
1306	realloc			1
1307	calloc			2
1308	free			2
1309	getpid			1
1310	getppid			1
1311	soap			2
1312	taglib			7
1313	mapped			7
1314	pool			7
1315	callback			6
1316	procattr			1
1317	io			2
1318	cmdtype			1
1319	detach			3
1320	addrspace			1
1321	errfn			1
1322	breakdown			2
1323	responses			1
1324	internalid			1
1325	lb			1
1326	apr			7
1327	defer			5
1328	sendfile			4
1329	poll			7
1330	keep			14
1331	unbind			13
1332	privileged			8
1333	expression			27
1334	fast			3
1335	custom			3
1336	before			3
1337	populate			3
1338	fragment			3
1339	fragments			1
1340	superclass			2
1341	sci			1
1342	verbatim			1
1343	dummy			2
1344	bom			1
1345	imports			2
1346	scripting			7
1347	declaration			1
1348	scriptlet			1
1349	param			4
1350	params			2
1351	plug			1
1352	uninterpreted			1
1353	scriptless			4
1354	prefix			7
1355	implements			1
1356	omit			2
1357	temporary			3
1358	template			1
1359	ltrim			1
1360	rtrim			1
1361	deferred			7
1362	expected			3
1363	literal			9
1364	nodes			2
1365	generated			1
1366	visitor			2
1367	ast			33
1368	javac			4
1369	smap			6
1370	unqualify			1
1371	clean			3
1372	serviced			3
1373	temp			3
1374	watch			2
1375	req			1
1376	rolename			2
1377	per			1
1378	reuse			3
1379	notification			7
1380	identity			2
1381	war			2
1382	combined			2
1383	realms			1
1384	processor			2
1385	backlog			2
1386	so			6
1387	pause			4
1388	offer			4
1389	repository			2
1390	injectable			1
1391	opp			1
1392	precedence			1
1393	greater			1
1394	order			2
1395	out			7
1396	findleaks			2
1397	serverinfo			2
1398	sessions			3
1399	deployed			2
1400	upload			2
1401	after			2
1402	uncaught			1
1403	submitted			2
1404	reject			1
1405	ajp			7
1406	packet			2
1407	loader			6
1408	reloadable			5
1409	repositories			1
1410	classpath			1
1411	collector			1
1412	collect			2
1413	break			4
1414	ssl			15
1415	conversions			1
1416	filters			3
1417	assemble			2
1418	annotation			5
1419	accessible			1
1420	mime			14
1421	unique			16
1422	runtime			3
1423	received			1
1424	undeflow			1
1425	replicated			2
1426	facade			2
1427	unit			3
1428	jar			14
1429	pooled			3
1430	println			9
1431	implicit			2
1432	feature			10
1433	handlerclass			1
1434	localparts			1
1435	namespaceuri			1
1436	valves			4
1437	managers			2
1438	localizer			1
1439	pathname			3
1440	principals			1
1441	supplied			1
1442	throwable			4
1443	parser			6
1444	wakeup			1
1445	events			3
1446	jjt			2
1447	trust			4
1448	enableable			2
1449	bootstrap			2
1450	swallow			4
1451	special			3
1452	determine			2
1453	exclusive			1
1454	webdav			2
1455	rehandshake			1
1456	el			3
1457	unquoted			1
1458	notifications			1
1459	operations			1
1460	getter			1
1461	setter			2
1462	chunked			2
1463	failure			1
1464	failures			1
1465	tld			11
1466	choice			1
1467	equality			1
1468	math			1
1469	multiplication			1
1470	unary			1
1471	dot			1
1472	bracket			1
1473	calls			1
1474	tokens			1
1475	hook			1
1476	committed			5
1477	acknowledge			1
1478	mapper			4
1479	nth			1
1480	ascii			1
1481	white			5
1482	digit			1
1483	big			2
1484	mod			1
1485	schema			5
1486	deref			1
1487	ad			1
1488	referrals			1
1489	role			12
1490	alternate			1
1491	distinguished			1
1492	repeat			1
1493	certificate			3
1494	private			2
1495	tomcat			4
1496	silent			1
1497	silence			1
1498	existing			1
1499	when			1
1500	landing			1
1501	saved			3
1502	rewindable			1
1503	endpoint			2
1504	acceptor			2
1505	oom			2
1506	stage			1
1507	rp			1
1508	uid			1
1509	gid			1
1510	usergid			1
1511	username			12
1512	groupname			3
1513	uidcompare			1
1514	gidcompare			1
1515	homepath			1
1516	annotations			1
1517	shareable			1
1518	listen			5
1519	acceptx			1
1520	acceptfilter			1
1521	atmark			1
1522	sendb			1
1523	sendib			1
1524	sendbb			1
1525	sendibb			1
1526	sendv			1
1527	sendto			1
1528	recvt			1
1529	recvb			1
1530	recvbb			1
1531	recvbt			1
1532	recvbbt			1
1533	recvfrom			1
1534	sendfilen			1
1535	setsbb			1
1536	setrbb			1
1537	threshold			3
1538	stuck			1
1539	monitored			1
1540	marked			1
1541	completed			2
1542	total			3
1543	resend			1
1544	converter			2
1545	attach			2
1546	renegotiate			1
1547	comparable			2
1548	reliable			1
1549	functions			1
1550	upgrade			11
1551	amount			1
1552	calendard			1
1553	durations			1
1554	starting			1
1555	printf			1
1556	comma			3
1557	ints			1
1558	starts			5
1559	substring			1
1560	expiration			1
1561	eligible			1
1562	pooling			3
1563	development			3
1564	ie			3
1565	scratch			3
1566	compiler			7
1567	fork			4
1568	xpowered			4
1569	recompile			3
1570	caching			4
1571	tree			2
1572	validating			1
1573	fake			1
1574	ignorable			1
1575	skipped			1
1576	notation			1
1577	unparsed			2
1578	warning			3
1579	registrations			1
1580	listeners			1
1581	servlets			6
1582	always			4
1583	welcome			2
1584	taglibs			4
1585	env			1
1586	ejb			2
1587	decouple			1
1588	maintain			1
1589	ttl			3
1590	pollset			1
1591	desired			1
1592	hits			1
1593	spare			2
1594	os			1
1595	netos			1
1596	strerror			1
1597	jdbc			1
1598	does			1
1599	optimized			2
1600	substract			2
1601	valve			3
1602	dependants			2
1603	doc			7
1604	rebind			6
1605	compose			4
1606	modify			4
1607	revalidate			1
1608	ref			4
1609	eval			2
1610	paused			4
1611	keystore			3
1612	ciphers			2
1613	truststore			2
1614	crl			2
1615	allow			11
1616	symbol			1
1617	printin			1
1618	printil			1
1619	fin			1
1620	rsv			1
1621	op			1
1622	pay			1
1623	blocking			1
1624	void			2
1625	modeler			3
1626	alloc			2
1627	one			2
1628	discover			1
1629	arg			1
1630	permanent			1
1631	pong			2
1632	tribes			1
1633	force			4
1634	jre			1
1635	ldap			1
1636	classes			1
1637	known			1
1638	synthetic			1
1639	constructor			1
1640	compressable			2
1641	restricted			2
1642	bio			3
1643	drain			2
1644	boundary			2
1645	parsed			1
1646	actual			1
1647	permitted			1
1648	arguments			1
1649	symlink			1
1650	myget			1
1651	multipoint			1
1652	keepalive			5
1653	guarantee			1
1654	nr			1
1655	this			4
1656	cleaner			1
1657	escaped			1
1658	replicate			1
1659	serializable			1
1660	constants			35
1661	ports			2
1662	https			2
1663	proxies			2
1664	trusted			2
1665	redirect			3
1666	sender			5
1667	conditional			1
1668	plugin			3
1669	extends			1
1670	quoted			3
1671	authority			1
1672	collection			2
1673	case			1
1674	udp			5
1675	collected			1
1676	accessed			2
1677	duplicates			1
1678	terminate			2
1679	gss			1
1680	faulty			1
1681	arrayequals			1
1682	malformed			1
1683	illegal			1
1684	extension			3
1685	newer			1
1686	cipher			3
1687	peer			2
1688	args			3
1689	readable			1
1690	writeable			2
1691	limited			1
1692	flushable			1
1693	reenable			1
1694	remember			1
1695	dispatching			1
1696	operation			3
1697	unless			2
1698	coordinator			2
1699	halt			1
1700	highest			1
1701	coordination			1
1702	leader			1
1703	interceptor			4
1704	aliases			3
1705	alias			1
1706	dumper			1
1707	qualified			1
1708	multiport			1
1709	associate			3
1710	deregister			2
1711	singleton			1
1712	reaper			1
1713	alphabet			2
1714	encoded			4
1715	arrays			1
1716	uniqud			1
1717	referer			1
1718	mappings			2
1719	exact			3
1720	uriroot			1
1721	fail			2
1722	impact			1
1723	encoder			2
1724	fips			1
1725	rand			1
1726	readonly			2
1727	reauthenticate			2
1728	sec			1
1729	msec			1
1730	rfc			1
1731	ctime			1
1732	sleep			1
1733	embedded			2
1734	tell			1
1735	passivate			1
1736	descriptor			1
1737	deepclone			3
1738	decrement			1
1739	kept			1
1740	transaction			2
1741	checked			1
1742	chars			2
1743	ends			1
1744	sub			1
1745	inactive			1
1746	effective			7
1747	dont			2
1748	persistent			2
1749	utility			1
1750	compact			1
1751	pow			1
1752	fillup			1
1753	extended			1
1754	ended			1
1755	remains			1
1756	concatenate			1
1757	train			1
1758	take			1
1759	forced			1
1760	decoder			2
1761	defered			1
1762	displayname			1
1763	wsdlfile			1
1764	jaxrpcmappingfile			1
1765	serviceqname			1
1766	serviceendpoints			1
1767	portlink			1
1768	handlers			2
1769	deny			4
1770	allowed			3
1771	contained			1
1772	sso			1
1773	expr			1
1774	mangle			1
1775	jdk			1
1776	library			1
1777	supplemental			1
1778	markup			1
1779	pubid			1
1780	introspect			1
1781	introspecthelper			1
1782	localize			1
1783	spnego			1
1784	enclosing			2
1785	capture			1
1786	coercible			1
1787	refill			1
1788	streamable			1
1789	eof			2
1790	parmeters			2
1791	trylock			2
1792	evaluation			1
1793	suspect			3
1794	failing			3
1795	cors			1
1796	decorate			1
1797	origin			1
1798	exposed			1
1799	preflight			1
1800	enumerator			2
1801	suspended			2
1802	reporter			1
1803	encodeable			1
1804	rmi			1
1805	multicast			1
1806	leave			1
1807	hops			1
1808	loopback			1
1809	ointerface			1
1810	mmap			1
1811	dup			2
1812	resultproperty			1
1813	echo			1
1814	separatearrayresults			1
1815	periodic			2
1816	mcast			1
1817	recovery			2
1818	frequency			1
1819	drop			1
1820	tccl			1
1821	otherwise			1
1822	crawler			1
1823	bound			4
1824	unbound			2
1825	strip			2
1826	distributed			1
1827	errors			1
1828	warnings			1
1829	proprietary			1
1830	webapp			3
1831	pipeline			4
1832	cross			3
1833	alt			3
1834	preemptive			3
1835	fragmentation			1
1836	frag			1
1837	defrag			1
1838	readt			1
1839	work			3
1840	unpack			3
1841	deployment			2
1842	manage			1
1843	unmanage			1
1844	unknown			1
1845	flow			1
1846	csrf			1
1847	nonce			2
1848	tidy			2
1849	adaptee			1
1850	with			1
1851	rx			7
1852	tx			5
1853	oo			3
1854	listening			1
1855	puts			2
1856	gets			2
1857	scoped			1
1858	todir			1
1859	orignal			1
1860	deprecated			1
1861	xerces			1
1862	queued			1
1863	lockfile			1
1864	defname			1
1865	semaphore			1
1866	concurrency			1
1867	fairness			1
1868	interruptible			1
1869	permit			1
1870	results			1
1871	selectors			1
1872	seconds			1
1873	getnameinfo			1
1874	getip			1
1875	getservbyname			1
1876	derived			1
1877	removed			1
1878	environments			1
1879	receiver			1
1880	recover			1
1881	shm			1
1882	baseaddr			1
1883	streams			1
1884	wsdl			1
1885	hand			1
1886	rotatable			1
1887	condition			1
1888	require			1
1889	jndi			2
1890	resolved			1
1891	connected			2
1892	attempt			1
1893	ant			1
1894	really			1
1895	notif			1
1896	parsing			1
1897	reclaim			1
1898	unreg			1
1899	reg			1
1900	interest			1
1901	opaque			1
1902	lazy			1
1903	filename			1
1904	compilation			3
1905	contents			1
1906	generator			1
1907	closeable			1
1908	performance			1
1909	sysloginit			1
1910	syslog			1
1911	throughput			1
1912	mb			1
1913	mail			1
1914	optimize			1
1915	stratum			1
1916	mktemp			1
1917	putc			1
1918	ungetc			1
1919	writeb			1
1920	writev			1
1921	readb			1
1922	getc			1
1923	perms			1
1924	attrs			1
1925	mtime			1
1926	flags			1
1927	trunc			1
1928	pipe			1
1929	unpop			1
1930	unpush			1
1931	replaced			1
1932	different			1
1933	tokenize			1
1934	dissect			1
1935	netware			1
1936	dos			1
1937	prestartmin			1
1938	core			1
1939	largest			1
1940	outputproperty			1
1942	zip		1	
1943	consts		1	
1944	arithmetic			1
1945	globals			1
1946	internet			1
1947	logs			1
1948	mutable			1
1949	sockaddr			1
